run_id;matrix_size;sparse_level_percent;implementation;execution_time_ms;memory_usage_mb;repetition;timestamp;warm-up;notes
run_3d20e101;64;0;unoptimized;32,852;1,440;1;2025-11-13T13:28:18.1830179;1;No notes
run_11aced28;64;0;unoptimized;31,867;0,480;2;2025-11-13T13:28:18.2331585;1;No notes
run_de79f421;64;0;unoptimized;9,759;0,315;3;2025-11-13T13:28:18.2785518;1;No notes
run_ad307bc1;64;0;unoptimized;25,996;0,434;4;2025-11-13T13:28:18.2945424;1;No notes
run_6afeaae0;64;0;unoptimized;27,750;0,420;5;2025-11-13T13:28:18.3255892;1;No notes
run_f75d90d5;64;0;unoptimized;25,926;0,415;6;2025-11-13T13:28:18.3726515;0;No notes
run_db953397;64;0;unoptimized;24,901;0,421;7;2025-11-13T13:28:18.4049396;0;No notes
run_1711d1e0;64;0;unoptimized;25,549;0,416;8;2025-11-13T13:28:18.4415134;0;No notes
run_67287027;64;0;unoptimized;28,126;0,418;9;2025-11-13T13:28:18.4721081;0;No notes
run_6297509b;64;0;unoptimized;14,202;0,300;10;2025-11-13T13:28:18.5153321;0;No notes
run_25e85737;64;0;unoptimized;12,488;0,297;11;2025-11-13T13:28:18.5314411;0;No notes
run_b1de9bd8;64;0;unoptimized;13,001;0,302;12;2025-11-13T13:28:18.5630704;0;No notes
run_3027c826;64;0;unoptimized;12,893;0,304;13;2025-11-13T13:28:18.5791612;0;No notes
run_e4bdb037;64;0;unoptimized;14,701;0,302;14;2025-11-13T13:28:18.6106339;0;No notes
run_9c38c63c;64;0;unoptimized;9,895;0,304;15;2025-11-13T13:28:18.6383516;0;No notes
run_e1f683a5;64;50;unoptimized;2,316;0,184;1;2025-11-13T13:28:18.6583564;1;No notes
run_d6645039;64;50;unoptimized;2,353;0,183;2;2025-11-13T13:28:18.6583564;1;No notes
run_47db38d4;64;50;unoptimized;3,065;0,179;3;2025-11-13T13:28:18.6761006;1;No notes
run_54cfd9d2;64;50;unoptimized;3,191;0,180;4;2025-11-13T13:28:18.6898022;1;No notes
run_b22e38b3;64;50;unoptimized;2,901;0,185;5;2025-11-13T13:28:18.7063797;1;No notes
run_3198201d;64;50;unoptimized;3,212;0,184;6;2025-11-13T13:28:18.7213633;0;No notes
run_2b0f87bf;64;50;unoptimized;3,439;0,182;7;2025-11-13T13:28:18.737014;0;No notes
run_fd2557d6;64;50;unoptimized;3,358;0,181;8;2025-11-13T13:28:18.737014;0;No notes
run_b491a934;64;50;unoptimized;3,758;0,184;9;2025-11-13T13:28:18.7655389;0;No notes
run_2dd83618;64;50;unoptimized;2,583;0,183;10;2025-11-13T13:28:18.7683999;0;No notes
run_9ca2731b;64;50;unoptimized;3,390;0,183;11;2025-11-13T13:28:18.788335;0;No notes
run_0166ab15;64;50;unoptimized;3,299;0,182;12;2025-11-13T13:28:18.8064697;0;No notes
run_4fa05a4f;64;50;unoptimized;3,386;0,186;13;2025-11-13T13:28:18.8158671;0;No notes
run_be3c636b;64;50;unoptimized;3,237;0,183;14;2025-11-13T13:28:18.8315665;0;No notes
run_e9afa6cc;64;50;unoptimized;3,249;0,186;15;2025-11-13T13:28:18.8493691;0;No notes
run_cedfb40f;64;75;unoptimized;0,781;0,099;1;2025-11-13T13:28:18.8630106;1;No notes
run_96723158;64;75;unoptimized;0,748;0,103;2;2025-11-13T13:28:18.8729002;1;No notes
run_24e53023;64;75;unoptimized;0,878;0,105;3;2025-11-13T13:28:18.8871964;1;No notes
run_123ff46f;64;75;unoptimized;0,730;0,104;4;2025-11-13T13:28:18.8955226;1;No notes
run_ea981bbc;64;75;unoptimized;0,797;0,102;5;2025-11-13T13:28:18.9053327;1;No notes
run_192f545e;64;75;unoptimized;0,809;0,102;6;2025-11-13T13:28:18.9163284;0;No notes
run_8672d4ec;64;75;unoptimized;0,787;0,104;7;2025-11-13T13:28:18.9262694;0;No notes
run_7696c512;64;75;unoptimized;0,754;0,102;8;2025-11-13T13:28:18.9378167;0;No notes
run_d06788d4;64;75;unoptimized;0,766;0,105;9;2025-11-13T13:28:18.9489618;0;No notes
run_aa1a7ef0;64;75;unoptimized;0,751;0,102;10;2025-11-13T13:28:18.9585175;0;No notes
run_0fe7dbb8;64;75;unoptimized;0,774;0,102;11;2025-11-13T13:28:18.969733;0;No notes
run_b60d88ce;64;75;unoptimized;0,715;0,102;12;2025-11-13T13:28:18.9750984;0;No notes
run_f8506c9f;64;75;unoptimized;0,746;0,102;13;2025-11-13T13:28:18.9907064;0;No notes
run_0103e68e;64;75;unoptimized;0,612;0,102;14;2025-11-13T13:28:19.0012351;0;No notes
run_c0f4db97;64;75;unoptimized;0,741;0,102;15;2025-11-13T13:28:19.0055591;0;No notes
run_e7e88191;64;90;unoptimized;0,146;0,054;1;2025-11-13T13:28:19.0213223;1;No notes
run_d142a9bc;64;90;unoptimized;0,142;0,056;2;2025-11-13T13:28:19.0294828;1;No notes
run_96e8aa51;64;90;unoptimized;0,119;0,054;3;2025-11-13T13:28:19.0391415;1;No notes
run_3b3bf648;64;90;unoptimized;0,124;0,056;4;2025-11-13T13:28:19.0543826;1;No notes
run_54564e97;64;90;unoptimized;0,119;0,054;5;2025-11-13T13:28:19.0543826;1;No notes
run_b712880f;64;90;unoptimized;0,127;0,055;6;2025-11-13T13:28:19.0685812;0;No notes
run_2a0bdbe9;64;90;unoptimized;0,124;0,055;7;2025-11-13T13:28:19.0717157;0;No notes
run_fe1c17a3;64;90;unoptimized;0,140;0,055;8;2025-11-13T13:28:19.0842595;0;No notes
run_a8720f5a;64;90;unoptimized;0,165;0,055;9;2025-11-13T13:28:19.0899848;0;No notes
run_ab65e35a;64;90;unoptimized;0,150;0,055;10;2025-11-13T13:28:19.1000393;0;No notes
run_75a42758;64;90;unoptimized;0,149;0,055;11;2025-11-13T13:28:19.1072937;0;No notes
run_48abfecc;64;90;unoptimized;0,152;0,055;12;2025-11-13T13:28:19.1164589;0;No notes
run_91ef3120;64;90;unoptimized;0,173;0,055;13;2025-11-13T13:28:19.1164589;0;No notes
run_bbdad4b3;64;90;unoptimized;0,156;0,055;14;2025-11-13T13:28:19.1427677;0;No notes
run_c2f21529;64;90;unoptimized;0,148;0,055;15;2025-11-13T13:28:19.1479973;0;No notes
run_8eee9850;64;95;unoptimized;0,074;0,037;1;2025-11-13T13:28:19.1479973;1;No notes
run_d002c833;64;95;unoptimized;0,055;0,037;2;2025-11-13T13:28:19.1656415;1;No notes
run_55355186;64;95;unoptimized;0,053;0,037;3;2025-11-13T13:28:19.1795975;1;No notes
run_1f628a92;64;95;unoptimized;0,052;0,037;4;2025-11-13T13:28:19.191093;1;No notes
run_18faa1eb;64;95;unoptimized;0,051;0,037;5;2025-11-13T13:28:19.2013113;1;No notes
run_73963bce;64;95;unoptimized;0,052;0,037;6;2025-11-13T13:28:19.2112454;0;No notes
run_79bf5c35;64;95;unoptimized;0,052;0,037;7;2025-11-13T13:28:19.21671;0;No notes
run_51a0cb0e;64;95;unoptimized;0,052;0,037;8;2025-11-13T13:28:19.2269745;0;No notes
run_d2541292;64;95;unoptimized;0,051;0,037;9;2025-11-13T13:28:19.2305762;0;No notes
run_53dfcb5d;64;95;unoptimized;0,050;0,037;10;2025-11-13T13:28:19.2431027;0;No notes
run_c942d7b9;64;95;unoptimized;0,054;0,037;11;2025-11-13T13:28:19.2449613;0;No notes
run_2d2b7ce2;64;95;unoptimized;0,052;0,037;12;2025-11-13T13:28:19.2449613;0;No notes
run_82003833;64;95;unoptimized;0,055;0,037;13;2025-11-13T13:28:19.2587342;0;No notes
run_0b725caf;64;95;unoptimized;0,059;0,037;14;2025-11-13T13:28:19.2587342;0;No notes
run_b92d431c;64;95;unoptimized;0,061;0,037;15;2025-11-13T13:28:19.2743645;0;No notes
run_74c4c830;128;0;unoptimized;128,254;1,367;1;2025-11-13T13:28:19.2820296;1;No notes
run_bbd13ccc;128;0;unoptimized;113,973;1,269;2;2025-11-13T13:28:19.4237928;1;No notes
run_432fe18b;128;0;unoptimized;110,595;1,261;3;2025-11-13T13:28:19.5478227;1;No notes
run_16e9bec2;128;0;unoptimized;120,242;1,247;4;2025-11-13T13:28:19.6655052;1;No notes
run_b4dc0da7;128;0;unoptimized;109,787;1,261;5;2025-11-13T13:28:19.7980943;1;No notes
run_f4cf344d;128;0;unoptimized;112,517;1,247;6;2025-11-13T13:28:19.9172239;0;No notes
run_0ad87c06;128;0;unoptimized;119,690;1,269;7;2025-11-13T13:28:20.0376177;0;No notes
run_5856346b;128;0;unoptimized;131,312;1,250;8;2025-11-13T13:28:20.1661307;0;No notes
run_1931e1a3;128;0;unoptimized;120,893;1,257;9;2025-11-13T13:28:20.3105739;0;No notes
run_8f69fd3b;128;0;unoptimized;138,447;1,262;10;2025-11-13T13:28:20.4459465;0;No notes
run_3586fbbf;128;0;unoptimized;143,586;1,256;11;2025-11-13T13:28:20.5884862;0;No notes
run_299ac5fa;128;0;unoptimized;152,927;1,257;12;2025-11-13T13:28:20.7477816;0;No notes
run_43dee826;128;0;unoptimized;117,177;1,260;13;2025-11-13T13:28:20.9109524;0;No notes
run_f6a31c6d;128;0;unoptimized;124,652;1,257;14;2025-11-13T13:28:21.0337367;0;No notes
run_3b75a6d3;128;0;unoptimized;133,241;1,257;15;2025-11-13T13:28:21.1761493;0;No notes
run_bda321af;128;50;unoptimized;32,991;0,641;1;2025-11-13T13:28:21.3196495;1;No notes
run_43de7273;128;50;unoptimized;39,509;0,645;2;2025-11-13T13:28:21.3661299;1;No notes
run_f26325bc;128;50;unoptimized;29,705;0,651;3;2025-11-13T13:28:21.4151143;1;No notes
run_9cbf02c1;128;50;unoptimized;28,768;0,638;4;2025-11-13T13:28:21.4508636;1;No notes
run_eef25e94;128;50;unoptimized;30,363;0,646;5;2025-11-13T13:28:21.4767744;1;No notes
run_05ed8fff;128;50;unoptimized;28,769;0,637;6;2025-11-13T13:28:21.5288238;0;No notes
run_dd5ee984;128;50;unoptimized;27,215;0,649;7;2025-11-13T13:28:21.5670181;0;No notes
run_326c3cc2;128;50;unoptimized;29,059;0,640;8;2025-11-13T13:28:21.6032707;0;No notes
run_f03764de;128;50;unoptimized;31,541;0,642;9;2025-11-13T13:28:21.6409773;0;No notes
run_adee6b89;128;50;unoptimized;29,183;0,643;10;2025-11-13T13:28:21.6829459;0;No notes
run_8b423e97;128;50;unoptimized;27,891;0,639;11;2025-11-13T13:28:21.7203904;0;No notes
run_32598cb7;128;50;unoptimized;29,518;0,637;12;2025-11-13T13:28:21.745842;0;No notes
run_1eea1a25;128;50;unoptimized;31,450;0,639;13;2025-11-13T13:28:21.7933403;0;No notes
run_b72a7873;128;50;unoptimized;38,645;0,640;14;2025-11-13T13:28:21.8245038;0;No notes
run_5b64f205;128;50;unoptimized;30,251;0,640;15;2025-11-13T13:28:21.872242;0;No notes
run_55cb3907;128;75;unoptimized;10,137;0,340;1;2025-11-13T13:28:21.9203745;1;No notes
run_eee4e48a;128;75;unoptimized;12,218;0,347;2;2025-11-13T13:28:21.9348321;1;No notes
run_25cb6c74;128;75;unoptimized;9,485;0,350;3;2025-11-13T13:28:21.9507114;1;No notes
run_840b0e23;128;75;unoptimized;7,878;0,354;4;2025-11-13T13:28:21.9771819;1;No notes
run_6e2c2f15;128;75;unoptimized;8,849;0,354;5;2025-11-13T13:28:21.9824519;1;No notes
run_a1841ddc;128;75;unoptimized;7,976;0,349;6;2025-11-13T13:28:22.0106269;0;No notes
run_781c5854;128;75;unoptimized;7,686;0,354;7;2025-11-13T13:28:22.0205931;0;No notes
run_0a8f4d17;128;75;unoptimized;8,659;0,349;8;2025-11-13T13:28:22.0413029;0;No notes
run_586bd91b;128;75;unoptimized;9,379;0,345;9;2025-11-13T13:28:22.0462752;0;No notes
run_7571feca;128;75;unoptimized;7,173;0,345;10;2025-11-13T13:28:22.0781027;0;No notes
run_27de9ad4;128;75;unoptimized;7,269;0,346;11;2025-11-13T13:28:22.0923043;0;No notes
run_a473fe06;128;75;unoptimized;7,363;0,345;12;2025-11-13T13:28:22.1095506;0;No notes
run_6a55d48c;128;75;unoptimized;7,344;0,352;13;2025-11-13T13:28:22.1252083;0;No notes
run_4c723eee;128;75;unoptimized;7,359;0,345;14;2025-11-13T13:28:22.1388659;0;No notes
run_66643f9c;128;75;unoptimized;12,463;0,351;15;2025-11-13T13:28:22.1547406;0;No notes
run_85159c24;128;90;unoptimized;1,905;0,186;1;2025-11-13T13:28:22.1704821;1;No notes
run_8ddd3b6d;128;90;unoptimized;1,874;0,192;2;2025-11-13T13:28:22.1899365;1;No notes
run_191af3a0;128;90;unoptimized;1,840;0,189;3;2025-11-13T13:28:22.2048849;1;No notes
run_a3d52d0d;128;90;unoptimized;2,204;0,192;4;2025-11-13T13:28:22.2178683;1;No notes
run_3638032f;128;90;unoptimized;1,964;0,187;5;2025-11-13T13:28:22.2336425;1;No notes
run_1605f4b3;128;90;unoptimized;1,877;0,190;6;2025-11-13T13:28:22.2336425;0;No notes
run_168bb456;128;90;unoptimized;1,855;0,191;7;2025-11-13T13:28:22.260603;0;No notes
run_faeae0c4;128;90;unoptimized;1,570;0,188;8;2025-11-13T13:28:22.2785384;0;No notes
run_b0553fcd;128;90;unoptimized;1,401;0,188;9;2025-11-13T13:28:22.2886295;0;No notes
run_99b4589c;128;90;unoptimized;1,779;0,194;10;2025-11-13T13:28:22.2998605;0;No notes
run_c419344f;128;90;unoptimized;1,737;0,191;11;2025-11-13T13:28:22.3125171;0;No notes
run_9b6e727b;128;90;unoptimized;1,795;0,196;12;2025-11-13T13:28:22.3211134;0;No notes
run_7033b987;128;90;unoptimized;1,649;0,194;13;2025-11-13T13:28:22.3320899;0;No notes
run_4822b34f;128;90;unoptimized;1,609;0,196;14;2025-11-13T13:28:22.3439775;0;No notes
run_76724df6;128;90;unoptimized;1,568;0,194;15;2025-11-13T13:28:22.3527256;0;No notes
run_e688d06e;128;95;unoptimized;0,486;0,133;1;2025-11-13T13:28:22.3600597;1;No notes
run_61d236c1;128;95;unoptimized;0,439;0,131;2;2025-11-13T13:28:22.37643;1;No notes
run_8109c547;128;95;unoptimized;0,506;0,130;3;2025-11-13T13:28:22.379659;1;No notes
run_eaa3bbab;128;95;unoptimized;0,508;0,133;4;2025-11-13T13:28:22.3918862;1;No notes
run_ed8043c8;128;95;unoptimized;0,499;0,127;5;2025-11-13T13:28:22.4075616;1;No notes
run_af4b661e;128;95;unoptimized;0,506;0,134;6;2025-11-13T13:28:22.4118662;0;No notes
run_490f4e9f;128;95;unoptimized;0,433;0,134;7;2025-11-13T13:28:22.4234058;0;No notes
run_724a1efd;128;95;unoptimized;0,507;0,134;8;2025-11-13T13:28:22.4234058;0;No notes
run_9028fcf7;128;95;unoptimized;0,508;0,128;9;2025-11-13T13:28:22.4410719;0;No notes
run_a9f0010c;128;95;unoptimized;0,611;0,132;10;2025-11-13T13:28:22.4578441;0;No notes
run_c65915f5;128;95;unoptimized;0,416;0,129;11;2025-11-13T13:28:22.4701263;0;No notes
run_52841473;128;95;unoptimized;0,538;0,130;12;2025-11-13T13:28:22.4701263;0;No notes
run_fc1a4413;128;95;unoptimized;0,358;0,129;13;2025-11-13T13:28:22.486792;0;No notes
run_8d3ea4bf;128;95;unoptimized;0,465;0,130;14;2025-11-13T13:28:22.4927543;0;No notes
run_57a420a0;128;95;unoptimized;0,405;0,129;15;2025-11-13T13:28:22.5021069;0;No notes
run_11ce98ab;256;0;unoptimized;3249,601;3,972;1;2025-11-13T13:28:22.5159279;1;No notes
run_db34e75d;256;0;unoptimized;3359,034;4,013;2;2025-11-13T13:28:25.7835454;1;No notes
run_3e825f42;256;0;unoptimized;3259,602;4,013;3;2025-11-13T13:28:29.1661219;1;No notes
run_4f1bf981;256;0;unoptimized;3207,173;4,013;4;2025-11-13T13:28:32.4436906;1;No notes
run_2cc8ae1a;256;0;unoptimized;3237,737;4,013;5;2025-11-13T13:28:35.6682614;1;No notes
run_203c90f5;256;0;unoptimized;3336,436;4,013;6;2025-11-13T13:28:38.9262113;0;No notes
run_15673b9d;256;0;unoptimized;3244,994;4,013;7;2025-11-13T13:28:42.2767219;0;No notes
run_9e2c732b;256;0;unoptimized;3256,267;4,013;8;2025-11-13T13:28:45.5392241;0;No notes
run_01165008;256;0;unoptimized;3076,913;4,013;9;2025-11-13T13:28:48.8233089;0;No notes
run_4f22148f;256;0;unoptimized;2889,168;4,013;10;2025-11-13T13:28:51.9165632;0;No notes
run_1404b227;256;0;unoptimized;2919,639;4,013;11;2025-11-13T13:28:54.8263223;0;No notes
run_16251570;256;0;unoptimized;3130,332;4,013;12;2025-11-13T13:28:57.7581688;0;No notes
run_f3a800e2;256;0;unoptimized;3078,012;4,013;13;2025-11-13T13:29:00.9039863;0;No notes
run_2e952228;256;0;unoptimized;3027,018;4,013;14;2025-11-13T13:29:04.0103926;0;No notes
run_71d29bac;256;0;unoptimized;3089,588;4,013;15;2025-11-13T13:29:07.0539875;0;No notes
run_bcd28af4;256;50;unoptimized;529,306;2,383;1;2025-11-13T13:29:10.1660394;1;No notes
run_a32ab7e7;256;50;unoptimized;550,736;2,370;2;2025-11-13T13:29:10.7180303;1;No notes
run_fa254cd5;256;50;unoptimized;580,080;2,354;3;2025-11-13T13:29:11.2871495;1;No notes
run_4f6a3145;256;50;unoptimized;548,392;2,383;4;2025-11-13T13:29:11.8864061;1;No notes
run_e7c561cc;256;50;unoptimized;516,131;2,357;5;2025-11-13T13:29:12.4589675;1;No notes
run_73af06fc;256;50;unoptimized;538,125;2,351;6;2025-11-13T13:29:12.9946186;0;No notes
run_fe8e85b7;256;50;unoptimized;547,647;2,361;7;2025-11-13T13:29:13.5508529;0;No notes
run_6f0dc625;256;50;unoptimized;560,823;2,378;8;2025-11-13T13:29:14.113914;0;No notes
run_d1029ecf;256;50;unoptimized;472,164;2,383;9;2025-11-13T13:29:14.6930786;0;No notes
run_0f6aa8a1;256;50;unoptimized;526,050;2,388;10;2025-11-13T13:29:15.1875038;0;No notes
run_5e799be0;256;50;unoptimized;506,845;2,385;11;2025-11-13T13:29:15.7312977;0;No notes
run_c7c7d37f;256;50;unoptimized;537,920;2,386;12;2025-11-13T13:29:16.2581319;0;No notes
run_b6b626a6;256;50;unoptimized;534,670;2,386;13;2025-11-13T13:29:16.8143353;0;No notes
run_d0d2b0ca;256;50;unoptimized;555,686;2,387;14;2025-11-13T13:29:17.3683068;0;No notes
run_d948f277;256;50;unoptimized;562,120;2,467;15;2025-11-13T13:29:17.9448096;0;No notes
run_76810a87;256;75;unoptimized;162,468;1,473;1;2025-11-13T13:29:18.518096;1;No notes
run_e407b140;256;75;unoptimized;140,445;1,462;2;2025-11-13T13:29:18.6871801;1;No notes
run_bd3ac32c;256;75;unoptimized;136,323;1,439;3;2025-11-13T13:29:18.8451411;1;No notes
run_27830a5f;256;75;unoptimized;124,775;1,469;4;2025-11-13T13:29:18.9919875;1;No notes
run_39e39895;256;75;unoptimized;108,224;1,427;5;2025-11-13T13:29:19.1276078;1;No notes
run_f0d72c51;256;75;unoptimized;131,356;1,467;6;2025-11-13T13:29:19.2437072;0;No notes
run_988a68b0;256;75;unoptimized;129,484;1,450;7;2025-11-13T13:29:19.3776829;0;No notes
run_7b25ce60;256;75;unoptimized;147,066;1,429;8;2025-11-13T13:29:19.5274913;0;No notes
run_03356ede;256;75;unoptimized;109,696;1,471;9;2025-11-13T13:29:19.6813911;0;No notes
run_ebd5fb8a;256;75;unoptimized;134,003;1,460;10;2025-11-13T13:29:19.8036909;0;No notes
run_2d5a12f0;256;75;unoptimized;117,506;1,449;11;2025-11-13T13:29:19.9433275;0;No notes
run_4506e1d2;256;75;unoptimized;138,587;1,543;12;2025-11-13T13:29:20.0764603;0;No notes
run_e7952a05;256;75;unoptimized;149,584;1,462;13;2025-11-13T13:29:20.2233169;0;No notes
run_b4dac064;256;75;unoptimized;140,451;1,461;14;2025-11-13T13:29:20.381745;0;No notes
run_11e53112;256;75;unoptimized;141,966;1,461;15;2025-11-13T13:29:20.533562;0;No notes
run_31f579f4;256;90;unoptimized;20,910;0,712;1;2025-11-13T13:29:20.6835082;1;No notes
run_1148a281;256;90;unoptimized;27,096;0,705;2;2025-11-13T13:29:20.7041037;1;No notes
run_4c094d46;256;90;unoptimized;24,050;0,687;3;2025-11-13T13:29:20.7523874;1;No notes
run_a983fe1a;256;90;unoptimized;24,034;0,695;4;2025-11-13T13:29:20.7836146;1;No notes
run_961eb18c;256;90;unoptimized;20,915;0,714;5;2025-11-13T13:29:20.8172473;1;No notes
run_a0790a2a;256;90;unoptimized;27,035;0,719;6;2025-11-13T13:29:20.847016;0;No notes
run_b908ffe2;256;90;unoptimized;24,746;0,711;7;2025-11-13T13:29:20.8830531;0;No notes
run_b85666ba;256;90;unoptimized;23,317;0,698;8;2025-11-13T13:29:20.909102;0;No notes
run_3a2a0013;256;90;unoptimized;24,274;0,683;9;2025-11-13T13:29:20.9399418;0;No notes
run_210ff6c7;256;90;unoptimized;20,320;0,694;10;2025-11-13T13:29:20.983529;0;No notes
run_1117098f;256;90;unoptimized;18,088;0,692;11;2025-11-13T13:29:21.0133924;0;No notes
run_60d19aa7;256;90;unoptimized;18,545;0,699;12;2025-11-13T13:29:21.0384448;0;No notes
run_3a1a4ce1;256;90;unoptimized;27,353;0,688;13;2025-11-13T13:29:21.0691185;0;No notes
run_b7a3e16f;256;90;unoptimized;25,709;0,692;14;2025-11-13T13:29:21.0979601;0;No notes
run_ab2e511a;256;90;unoptimized;32,572;0,699;15;2025-11-13T13:29:21.1297806;0;No notes
run_d0e1c273;256;95;unoptimized;6,545;0,518;1;2025-11-13T13:29:21.1814987;1;No notes
run_c697c1b0;256;95;unoptimized;6,932;0,505;2;2025-11-13T13:29:21.192958;1;No notes
run_56e17cfa;256;95;unoptimized;8,485;0,519;3;2025-11-13T13:29:21.2147341;1;No notes
run_bf61eec8;256;95;unoptimized;9,378;0,520;4;2025-11-13T13:29:21.2247082;1;No notes
run_6cf85132;256;95;unoptimized;9,124;0,507;5;2025-11-13T13:29:21.2563426;1;No notes
run_2caca029;256;95;unoptimized;6,626;0,508;6;2025-11-13T13:29:21.272323;0;No notes
run_be982f18;256;95;unoptimized;7,113;0,497;7;2025-11-13T13:29:21.2920549;0;No notes
run_d1613714;256;95;unoptimized;8,560;0,525;8;2025-11-13T13:29:21.3079673;0;No notes
run_05df6be1;256;95;unoptimized;8,689;0,523;9;2025-11-13T13:29:21.3195172;0;No notes
run_9b996f8b;256;95;unoptimized;8,741;0,522;10;2025-11-13T13:29:21.335478;0;No notes
run_c4197085;256;95;unoptimized;8,180;0,514;11;2025-11-13T13:29:21.3668633;0;No notes
run_79f56e70;256;95;unoptimized;7,499;0,522;12;2025-11-13T13:29:21.3848257;0;No notes
run_8a0cef1c;256;95;unoptimized;6,754;0,510;13;2025-11-13T13:29:21.3986907;0;No notes
run_3980494e;256;95;unoptimized;5,788;0,498;14;2025-11-13T13:29:21.4200849;0;No notes
run_93cb06e7;256;95;unoptimized;6,374;0,523;15;2025-11-13T13:29:21.4300717;0;No notes
run_03c133ba;512;0;unoptimized;50005,242;15,231;1;2025-11-13T13:29:21.4537865;1;No notes
run_411e58e4;512;0;unoptimized;56552,778;14,400;2;2025-11-13T13:30:11.483911;1;No notes
run_d5676ca8;512;0;unoptimized;54833,658;14,659;3;2025-11-13T13:31:08.0568853;1;No notes
run_66d1d244;512;0;unoptimized;53594,441;14,659;4;2025-11-13T13:32:02.9229298;1;No notes
run_3ac9ad0c;512;0;unoptimized;48559,438;14,130;5;2025-11-13T13:32:56.5346301;1;No notes
run_5b8b01fe;512;0;unoptimized;37928,867;16,137;6;2025-11-13T13:33:45.1084738;0;No notes
run_ed87a44f;512;0;unoptimized;54404,028;14,374;7;2025-11-13T13:34:23.0519298;0;No notes
run_1c7794d4;512;0;unoptimized;53731,641;14,600;8;2025-11-13T13:35:17.4731633;0;No notes
run_00dc6716;512;0;unoptimized;43993,843;15,229;9;2025-11-13T13:36:11.2288619;0;No notes
run_2bf4b517;512;0;unoptimized;36404,035;16,123;10;2025-11-13T13:36:55.2463038;0;No notes
run_a0e8ebb6;512;0;unoptimized;55992,499;15,001;11;2025-11-13T13:37:31.6684528;0;No notes
run_fb70aaff;512;0;unoptimized;54318,036;14,853;12;2025-11-13T13:38:27.6748021;0;No notes
run_3e3385bd;512;0;unoptimized;48954,720;15,080;13;2025-11-13T13:39:22.0105079;0;No notes
run_d221d2cf;512;0;unoptimized;44079,832;16,037;14;2025-11-13T13:40:10.9786473;0;No notes
run_5ea6691f;512;0;unoptimized;53968,036;14,252;15;2025-11-13T13:40:55.0800044;0;No notes
run_e0bf48e6;512;50;unoptimized;13492,592;8,780;1;2025-11-13T13:41:49.0610265;1;No notes
run_08ce3309;512;50;unoptimized;13360,512;10,429;2;2025-11-13T13:42:02.5741706;1;No notes
run_ffd2fd89;512;50;unoptimized;13418,392;8,243;3;2025-11-13T13:42:15.9668535;1;No notes
run_ea5aad93;512;50;unoptimized;13247,139;8,999;4;2025-11-13T13:42:29.4049769;1;No notes
run_38fe5417;512;50;unoptimized;12911,170;9,000;5;2025-11-13T13:42:42.6779414;1;No notes
run_16961b95;512;50;unoptimized;12546,976;10,358;6;2025-11-13T13:42:55.6047879;0;No notes
run_c2290ae7;512;50;unoptimized;13385,451;8,175;7;2025-11-13T13:43:08.1672672;0;No notes
run_d1bd85d3;512;50;unoptimized;12761,541;9,068;8;2025-11-13T13:43:21.5719317;0;No notes
run_1b981c92;512;50;unoptimized;13117,933;9,065;9;2025-11-13T13:43:34.3525355;0;No notes
run_d6cdd842;512;50;unoptimized;12516,267;10,358;10;2025-11-13T13:43:47.493012;0;No notes
run_d05f592c;512;50;unoptimized;13601,535;8,212;11;2025-11-13T13:44:00.0398095;0;No notes
run_1ef08f79;512;50;unoptimized;12864,233;8,509;12;2025-11-13T13:44:13.6631025;0;No notes
run_7839ea17;512;50;unoptimized;12776,365;8,947;13;2025-11-13T13:44:26.5511278;0;No notes
run_6a16fe5c;512;50;unoptimized;12496,005;10,352;14;2025-11-13T13:44:39.3456133;0;No notes
run_c642cf1c;512;50;unoptimized;10648,088;11,648;15;2025-11-13T13:44:51.8524657;0;No notes
run_f26c21c8;512;75;unoptimized;3261,108;4,926;1;2025-11-13T13:45:02.5158801;1;No notes
run_8dfbf06f;512;75;unoptimized;3280,117;4,844;2;2025-11-13T13:45:05.7888276;1;No notes
run_cd54702b;512;75;unoptimized;2564,339;6,271;3;2025-11-13T13:45:09.0870922;1;No notes
run_e9de2d22;512;75;unoptimized;3301,714;4,679;4;2025-11-13T13:45:11.6704808;1;No notes
run_98c28d07;512;75;unoptimized;3236,285;4,881;5;2025-11-13T13:45:14.9963904;1;No notes
run_992bb0c4;512;75;unoptimized;3217,025;4,761;6;2025-11-13T13:45:18.2426882;0;No notes
run_af9bcc3c;512;75;unoptimized;3345,197;4,630;7;2025-11-13T13:45:21.4752522;0;No notes
run_7843a25b;512;75;unoptimized;3450,017;4,877;8;2025-11-13T13:45:24.8495373;0;No notes
run_abe7984e;512;75;unoptimized;3337,952;4,758;9;2025-11-13T13:45:28.3242519;0;No notes
run_83977234;512;75;unoptimized;3355,066;4,632;10;2025-11-13T13:45:31.6812516;0;No notes
run_c74e89d7;512;75;unoptimized;3372,649;4,569;11;2025-11-13T13:45:35.0580356;0;No notes
run_e51f72dc;512;75;unoptimized;3394,155;5,054;12;2025-11-13T13:45:38.4562477;0;No notes
run_73cb69db;512;75;unoptimized;3328,197;4,632;13;2025-11-13T13:45:41.8714301;0;No notes
run_e8d78bcd;512;75;unoptimized;3228,708;4,877;14;2025-11-13T13:45:45.2207665;0;No notes
run_40cf56c7;512;75;unoptimized;3371,707;4,758;15;2025-11-13T13:45:48.4755;0;No notes
run_defdfed5;512;90;unoptimized;278,507;2,948;1;2025-11-13T13:45:51.8704843;1;No notes
run_22d6e669;512;90;unoptimized;400,023;2,905;2;2025-11-13T13:45:52.1659386;1;No notes
run_2290b899;512;90;unoptimized;402,015;2,893;3;2025-11-13T13:45:52.5694135;1;No notes
run_073c6f4d;512;90;unoptimized;386,108;4,000;4;2025-11-13T13:45:52.9997825;1;No notes
run_191e8331;512;90;unoptimized;394,186;2,941;5;2025-11-13T13:45:53.4105033;1;No notes
run_d6fe9403;512;90;unoptimized;340,542;2,947;6;2025-11-13T13:45:53.8264839;0;No notes
run_d4d7aa64;512;90;unoptimized;323,195;2,914;7;2025-11-13T13:45:54.1952441;0;No notes
run_92f90956;512;90;unoptimized;276,702;2,905;8;2025-11-13T13:45:54.5365603;0;No notes
run_cc466b31;512;90;unoptimized;309,865;4,000;9;2025-11-13T13:45:54.8387796;0;No notes
run_993ac8b1;512;90;unoptimized;300,374;2,945;10;2025-11-13T13:45:55.1645453;0;No notes
run_ba33d084;512;90;unoptimized;315,416;2,948;11;2025-11-13T13:45:55.4875606;0;No notes
run_82dbf86d;512;90;unoptimized;286,393;2,915;12;2025-11-13T13:45:55.8209679;0;No notes
run_bb36fc44;512;90;unoptimized;361,374;2,905;13;2025-11-13T13:45:56.1258572;0;No notes
run_8ae912eb;512;90;unoptimized;318,523;4,000;14;2025-11-13T13:45:56.5123659;0;No notes
run_f9ed435e;512;90;unoptimized;289,872;2,945;15;2025-11-13T13:45:56.8502714;0;No notes
run_1a9d2a93;512;95;unoptimized;79,070;1,945;1;2025-11-13T13:45:57.1600041;1;No notes
run_40118998;512;95;unoptimized;84,197;1,978;2;2025-11-13T13:45:57.245807;1;No notes
run_7940966c;512;95;unoptimized;83,614;1,983;3;2025-11-13T13:45:57.3436235;1;No notes
run_7a17bbd4;512;95;unoptimized;82,153;2,000;4;2025-11-13T13:45:57.4367145;1;No notes
run_ecbff89f;512;95;unoptimized;69,781;1,941;5;2025-11-13T13:45:57.537799;1;No notes
run_2acb35d9;512;95;unoptimized;89,730;2,003;6;2025-11-13T13:45:57.6165101;0;No notes
run_665601d9;512;95;unoptimized;70,012;1,983;7;2025-11-13T13:45:57.7226642;0;No notes
run_98c0480b;512;95;unoptimized;77,643;1,960;8;2025-11-13T13:45:57.8024091;0;No notes
run_e25bd99d;512;95;unoptimized;90,256;2,000;9;2025-11-13T13:45:57.8905495;0;No notes
run_f8945eb5;512;95;unoptimized;90,307;1,948;10;2025-11-13T13:45:57.9907071;0;No notes
run_36f77bb9;512;95;unoptimized;98,381;1,956;11;2025-11-13T13:45:58.0850105;0;No notes
run_61d55e02;512;95;unoptimized;99,493;1,953;12;2025-11-13T13:45:58.204075;0;No notes
run_84e29144;512;95;unoptimized;93,742;1,953;13;2025-11-13T13:45:58.3156366;0;No notes
run_0c4596f4;512;95;unoptimized;88,260;2,000;14;2025-11-13T13:45:58.4255083;0;No notes
run_f2fff8f8;512;95;unoptimized;70,254;1,946;15;2025-11-13T13:45:58.5283955;0;No notes
run_978f9f3f;64;0;optimized;3,075;0,491;1;2025-11-13T17:08:33.4976218;1;No notes
run_2ae48f38;64;0;optimized;0,548;0,000;2;2025-11-13T17:08:35.5241569;1;No notes
run_4e98a1b4;64;0;optimized;0,238;0,551;3;2025-11-13T17:08:37.5502203;1;No notes
run_daf20d75;64;0;optimized;0,235;0,000;4;2025-11-13T17:08:39.5592527;1;No notes
run_62778755;64;0;optimized;0,227;0,480;5;2025-11-13T17:08:41.5718613;1;No notes
run_19d20c59;64;0;optimized;0,216;0,000;6;2025-11-13T17:08:43.5819167;0;No notes
run_4baf7565;64;0;optimized;0,269;0,480;7;2025-11-13T17:08:45.5850236;0;No notes
run_d5534f20;64;0;optimized;0,238;0,000;8;2025-11-13T17:08:47.5973773;0;No notes
run_aebc56ab;64;0;optimized;0,259;0,000;9;2025-11-13T17:08:49.6102726;0;No notes
run_d79a7abd;64;0;optimized;0,216;0,481;10;2025-11-13T17:08:51.6180992;0;No notes
run_2dd1b615;64;0;optimized;0,298;0,000;11;2025-11-13T17:08:53.6272141;0;No notes
run_aad770dc;64;0;optimized;0,383;0,480;12;2025-11-13T17:08:55.6329425;0;No notes
run_cfdb0664;64;0;optimized;0,213;0,000;13;2025-11-13T17:08:57.6397296;0;No notes
run_016324ab;64;0;optimized;0,226;0,543;14;2025-11-13T17:08:59.654399;0;No notes
run_aa99a883;64;0;optimized;0,247;0,000;15;2025-11-13T17:09:01.6666076;0;No notes
run_a606ffe7;64;50;optimized;0,115;0,000;1;2025-11-13T17:09:03.6891163;1;No notes
run_b526d8a3;64;50;optimized;0,152;0,047;2;2025-11-13T17:09:05.7066296;1;No notes
run_c47a9124;64;50;optimized;0,134;0,511;3;2025-11-13T17:09:07.7205488;1;No notes
run_74dc5977;64;50;optimized;0,149;0,480;4;2025-11-13T17:09:09.7267831;1;No notes
run_486e7c49;64;50;optimized;0,125;0,480;5;2025-11-13T17:09:11.7419565;1;No notes
run_7e87d002;64;50;optimized;0,139;0,515;6;2025-11-13T17:09:13.754837;0;No notes
run_f221ee4b;64;50;optimized;0,148;0,480;7;2025-11-13T17:09:15.7716749;0;No notes
run_b6da744b;64;50;optimized;0,117;0,000;8;2025-11-13T17:09:17.7829942;0;No notes
run_53fb0731;64;50;optimized;0,180;0,000;9;2025-11-13T17:09:19.7935452;0;No notes
run_9e1e60f1;64;50;optimized;0,133;0,000;10;2025-11-13T17:09:21.8074262;0;No notes
run_fd323773;64;50;optimized;0,120;0,000;11;2025-11-13T17:09:23.8211804;0;No notes
run_d04b4b57;64;50;optimized;0,120;0,000;12;2025-11-13T17:09:25.8302353;0;No notes
run_33ed7a94;64;50;optimized;0,202;0,057;13;2025-11-13T17:09:27.8429081;0;No notes
run_db483f19;64;50;optimized;0,124;0,424;14;2025-11-13T17:09:29.8542648;0;No notes
run_3a452bf6;64;50;optimized;0,131;0,408;15;2025-11-13T17:09:31.8686758;0;No notes
run_c041f86d;64;75;optimized;2,073;0,409;1;2025-11-13T17:09:33.8811924;1;No notes
run_1818eab8;64;75;optimized;0,238;0,568;2;2025-11-13T17:09:35.8936469;1;No notes
run_449f5b9a;64;75;optimized;8,851;0,408;3;2025-11-13T17:09:37.9087658;1;No notes
run_f6408c21;64;75;optimized;0,255;0,408;4;2025-11-13T17:09:39.9230357;1;No notes
run_e65444ab;64;75;optimized;0,119;0,408;5;2025-11-13T17:09:41.936963;1;No notes
run_5d484430;64;75;optimized;0,190;0,334;6;2025-11-13T17:09:43.9489021;0;No notes
run_753d5aec;64;75;optimized;0,116;0,410;7;2025-11-13T17:09:45.9768671;0;No notes
run_7140a029;64;75;optimized;0,090;0,408;8;2025-11-13T17:09:47.9903219;0;No notes
run_8ff49e42;64;75;optimized;0,116;0,424;9;2025-11-13T17:09:50.0044733;0;No notes
run_bc948e6a;64;75;optimized;0,105;0,424;10;2025-11-13T17:09:52.0181872;0;No notes
run_4c319679;64;75;optimized;0,096;0,333;11;2025-11-13T17:09:54.0283089;0;No notes
run_25f47d4a;64;75;optimized;0,082;0,430;12;2025-11-13T17:09:56.0363039;0;No notes
run_37cc7612;64;75;optimized;0,080;0,408;13;2025-11-13T17:09:58.0455107;0;No notes
run_18979667;64;75;optimized;0,098;0,408;14;2025-11-13T17:10:00.0527159;0;No notes
run_489f1fac;64;75;optimized;0,086;0,408;15;2025-11-13T17:10:02.0656893;0;No notes
run_053d7986;64;90;optimized;0,041;0,000;1;2025-11-13T17:10:04.0707415;1;No notes
run_7ce981c6;64;90;optimized;1,429;0,125;2;2025-11-13T17:10:06.0882549;1;No notes
run_e3fabd13;64;90;optimized;0,043;0,000;3;2025-11-13T17:10:08.093157;1;No notes
run_5ca41537;64;90;optimized;0,037;0,000;4;2025-11-13T17:10:10.0998463;1;No notes
run_0a3f0c03;64;90;optimized;0,038;0,000;5;2025-11-13T17:10:12.1084472;1;No notes
run_ebf526e0;64;90;optimized;0,037;0,000;6;2025-11-13T17:10:14.117444;0;No notes
run_e92936a2;64;90;optimized;0,038;0,000;7;2025-11-13T17:10:16.1267847;0;No notes
run_da047526;64;90;optimized;0,045;0,000;8;2025-11-13T17:10:18.1387933;0;No notes
run_12b5d954;64;90;optimized;0,044;0,411;9;2025-11-13T17:10:20.1510726;0;No notes
run_8ad5c7f2;64;90;optimized;0,038;0,000;10;2025-11-13T17:10:22.162392;0;No notes
run_f7b00226;64;90;optimized;0,047;0,361;11;2025-11-13T17:10:24.1752052;0;No notes
run_d7a19ee7;64;90;optimized;0,039;0,000;12;2025-11-13T17:10:26.1907593;0;No notes
run_f0f18598;64;90;optimized;0,045;0,410;13;2025-11-13T17:10:28.2054558;0;No notes
run_236a6f6a;64;90;optimized;0,033;0,000;14;2025-11-13T17:10:30.2200521;0;No notes
run_3769e3c1;64;90;optimized;0,039;0,408;15;2025-11-13T17:10:32.2318516;0;No notes
run_0b3e3516;64;95;optimized;0,011;0,000;1;2025-11-13T17:10:34.2465356;1;No notes
run_8a945d32;64;95;optimized;0,011;0,000;2;2025-11-13T17:10:36.2599418;1;No notes
run_543f6512;64;95;optimized;0,011;0,000;3;2025-11-13T17:10:38.2716342;1;No notes
run_ea16cab5;64;95;optimized;0,020;0,410;4;2025-11-13T17:10:40.288706;1;No notes
run_f6cf170a;64;95;optimized;0,011;0,000;5;2025-11-13T17:10:42.2968196;1;No notes
run_7a18a9c5;64;95;optimized;0,011;0,000;6;2025-11-13T17:10:44.3106899;0;No notes
run_655878d0;64;95;optimized;0,011;0,000;7;2025-11-13T17:10:46.3244866;0;No notes
run_6e2ab109;64;95;optimized;0,011;0,000;8;2025-11-13T17:10:48.3370975;0;No notes
run_ba03e51d;64;95;optimized;0,011;0,000;9;2025-11-13T17:10:50.3525883;0;No notes
run_d2265b93;64;95;optimized;0,011;0,000;10;2025-11-13T17:10:52.3663105;0;No notes
run_4f282405;64;95;optimized;0,011;0,000;11;2025-11-13T17:10:54.3797439;0;No notes
run_a9f5dcd9;64;95;optimized;0,011;0,000;12;2025-11-13T17:10:56.3831417;0;No notes
run_3d054f8d;64;95;optimized;0,011;0,000;13;2025-11-13T17:10:58.3970491;0;No notes
run_61305328;64;95;optimized;0,011;0,000;14;2025-11-13T17:11:00.4103201;0;No notes
run_f599f9a2;64;95;optimized;0,011;0,000;15;2025-11-13T17:11:02.4202419;0;No notes
run_d5033ddd;128;0;optimized;1,249;1,028;1;2025-11-13T17:11:04.4357255;1;No notes
run_2ea3be98;128;0;optimized;1,262;0,975;2;2025-11-13T17:11:06.4461649;1;No notes
run_d89482bd;128;0;optimized;1,421;1,227;3;2025-11-13T17:11:08.4519012;1;No notes
run_c784e311;128;0;optimized;1,394;1,079;4;2025-11-13T17:11:10.4606706;1;No notes
run_27e105a0;128;0;optimized;1,411;1,227;5;2025-11-13T17:11:12.4747327;1;No notes
run_8e6df480;128;0;optimized;1,385;1,019;6;2025-11-13T17:11:14.4880068;0;No notes
run_04826d5a;128;0;optimized;1,545;0,968;7;2025-11-13T17:11:16.4988972;0;No notes
run_cfa8ff4f;128;0;optimized;1,412;1,058;8;2025-11-13T17:11:18.5128417;0;No notes
run_ac9d509b;128;0;optimized;1,523;1,122;9;2025-11-13T17:11:20.5291231;0;No notes
run_5a6de70a;128;0;optimized;1,368;1,239;10;2025-11-13T17:11:22.5427747;0;No notes
run_644f726e;128;0;optimized;1,415;0,908;11;2025-11-13T17:11:24.5529213;0;No notes
run_ea3ee8d6;128;0;optimized;1,573;1,114;12;2025-11-13T17:11:26.5636019;0;No notes
run_9f8f18f8;128;0;optimized;1,454;1,545;13;2025-11-13T17:11:28.5829612;0;No notes
run_66cabafa;128;0;optimized;1,454;1,136;14;2025-11-13T17:11:30.5950287;0;No notes
run_f9258abb;128;0;optimized;1,415;1,217;15;2025-11-13T17:11:32.6058762;0;No notes
run_a6e2fde3;128;50;optimized;0,496;0,444;1;2025-11-13T17:11:34.619632;1;No notes
run_fedceb45;128;50;optimized;0,494;0,545;2;2025-11-13T17:11:36.6318232;1;No notes
run_562bc8e8;128;50;optimized;0,501;1,052;3;2025-11-13T17:11:38.6442437;1;No notes
run_e3782049;128;50;optimized;0,557;1,276;4;2025-11-13T17:11:40.6576204;1;No notes
run_ff7ff110;128;50;optimized;0,503;1,020;5;2025-11-13T17:11:42.6719774;1;No notes
run_36fa1a4b;128;50;optimized;0,493;1,099;6;2025-11-13T17:11:44.6861037;0;No notes
run_1342d49a;128;50;optimized;0,511;1,600;7;2025-11-13T17:11:46.6978001;0;No notes
run_4e2bd2de;128;50;optimized;0,492;0,982;8;2025-11-13T17:11:48.7077865;0;No notes
run_ee877824;128;50;optimized;0,481;0,813;9;2025-11-13T17:11:50.7216837;0;No notes
run_f5b65198;128;50;optimized;0,519;0,759;10;2025-11-13T17:11:52.7310354;0;No notes
run_5d71eda3;128;50;optimized;0,485;0,830;11;2025-11-13T17:11:54.7486984;0;No notes
run_0cb4878b;128;50;optimized;0,473;1,177;12;2025-11-13T17:11:56.7640219;0;No notes
run_848a729a;128;50;optimized;0,667;1,032;13;2025-11-13T17:11:58.776378;0;No notes
run_f1c526a8;128;50;optimized;0,991;0,409;14;2025-11-13T17:12:00.7845518;0;No notes
run_0116ae0e;128;50;optimized;1,048;0,519;15;2025-11-13T17:12:02.8010837;0;No notes
run_7db7b6ce;128;75;optimized;0,466;0,908;1;2025-11-13T17:12:04.8106274;1;No notes
run_549488d6;128;75;optimized;0,458;0,759;2;2025-11-13T17:12:06.8245262;1;No notes
run_d0bd6c5b;128;75;optimized;0,493;1,600;3;2025-11-13T17:12:08.8370195;1;No notes
run_0a825c85;128;75;optimized;0,533;0,795;4;2025-11-13T17:12:10.8489579;1;No notes
run_1b838378;128;75;optimized;0,454;0,791;5;2025-11-13T17:12:12.8638199;1;No notes
run_f5d1fa5f;128;75;optimized;0,455;0,908;6;2025-11-13T17:12:14.8751691;0;No notes
run_f4234e47;128;75;optimized;0,443;0,830;7;2025-11-13T17:12:16.8852724;0;No notes
run_fef56328;128;75;optimized;0,506;0,759;8;2025-11-13T17:12:18.8980213;0;No notes
run_6c9c5f6c;128;75;optimized;0,464;1,675;9;2025-11-13T17:12:20.9106085;0;No notes
run_d2c0a3cf;128;75;optimized;0,437;1,138;10;2025-11-13T17:12:22.9241476;0;No notes
run_6ea3cb74;128;75;optimized;0,529;1,189;11;2025-11-13T17:12:24.9389222;0;No notes
run_c3b04422;128;75;optimized;0,584;0,466;12;2025-11-13T17:12:26.9533473;0;No notes
run_ae542940;128;75;optimized;0,452;0,830;13;2025-11-13T17:12:28.967699;0;No notes
run_1f94f6f0;128;75;optimized;0,616;0,920;14;2025-11-13T17:12:30.980854;0;No notes
run_9a5fa156;128;75;optimized;0,474;0,886;15;2025-11-13T17:12:32.9942552;0;No notes
run_62cf0e41;128;90;optimized;0,282;0,355;1;2025-11-13T17:12:35.0102431;1;No notes
run_2da467bd;128;90;optimized;0,325;0,082;2;2025-11-13T17:12:37.0210421;1;No notes
run_2571cfbb;128;90;optimized;0,294;0,177;3;2025-11-13T17:12:39.0338316;1;No notes
run_f868181f;128;90;optimized;0,312;0,177;4;2025-11-13T17:12:41.0452941;1;No notes
run_f87ca86b;128;90;optimized;0,333;0,240;5;2025-11-13T17:12:43.0564568;1;No notes
run_6f1b58c0;128;90;optimized;0,318;0,813;6;2025-11-13T17:12:45.0671182;0;No notes
run_5d2bf80d;128;90;optimized;0,326;0,446;7;2025-11-13T17:12:47.0823501;0;No notes
run_1241bcd1;128;90;optimized;0,431;0,854;8;2025-11-13T17:12:49.0985436;0;No notes
run_db4cf714;128;90;optimized;0,306;1,122;9;2025-11-13T17:12:51.1094976;0;No notes
run_d38f76a3;128;90;optimized;0,279;0,759;10;2025-11-13T17:12:53.1194182;0;No notes
run_db3819b1;128;90;optimized;0,466;1,171;11;2025-11-13T17:12:55.131459;0;No notes
run_4b4dcfcf;128;90;optimized;0,288;0,759;12;2025-11-13T17:12:57.1452468;0;No notes
run_7ed50f43;128;90;optimized;0,295;1,241;13;2025-11-13T17:12:59.1561546;0;No notes
run_d718cd83;128;90;optimized;0,293;0,807;14;2025-11-13T17:13:01.1665751;0;No notes
run_d81c63f2;128;90;optimized;0,268;0,761;15;2025-11-13T17:13:03.1789936;0;No notes
run_900fe750;128;95;optimized;0,100;0,043;1;2025-11-13T17:13:05.1911727;1;No notes
run_0d3d5ab6;128;95;optimized;0,112;0,000;2;2025-11-13T17:13:07.2023805;1;No notes
run_2c5c95c2;128;95;optimized;0,109;0,374;3;2025-11-13T17:13:09.2100571;1;No notes
run_e2ee847a;128;95;optimized;0,121;0,764;4;2025-11-13T17:13:11.2190752;1;No notes
run_8feae600;128;95;optimized;0,107;0,000;5;2025-11-13T17:13:13.2303267;1;No notes
run_da049c8b;128;95;optimized;0,094;0,000;6;2025-11-13T17:13:15.2389357;0;No notes
run_ad890977;128;95;optimized;0,119;0,474;7;2025-11-13T17:13:17.2507846;0;No notes
run_7b047cc1;128;95;optimized;0,114;0,802;8;2025-11-13T17:13:19.2612606;0;No notes
run_fb63d1e6;128;95;optimized;0,106;0,000;9;2025-11-13T17:13:21.2739631;0;No notes
run_af2fd49a;128;95;optimized;0,110;0,766;10;2025-11-13T17:13:23.2877683;0;No notes
run_31a0edb9;128;95;optimized;0,103;0,000;11;2025-11-13T17:13:25.2989513;0;No notes
run_a474cdc1;128;95;optimized;0,115;0,000;12;2025-11-13T17:13:27.3114806;0;No notes
run_eb8d0949;128;95;optimized;0,101;0,000;13;2025-11-13T17:13:29.3250047;0;No notes
run_227a00d9;128;95;optimized;0,112;0,775;14;2025-11-13T17:13:31.3331342;0;No notes
run_d2c20cc7;128;95;optimized;0,096;0,000;15;2025-11-13T17:13:33.3527389;0;No notes
run_6a832196;256;0;optimized;36,927;4,268;1;2025-11-13T17:22:00.0585261;1;No notes
run_4cab9863;256;0;optimized;23,028;4,346;2;2025-11-13T17:22:02.1341732;1;No notes
run_131b7809;256;0;optimized;11,551;4,425;3;2025-11-13T17:22:04.1704782;1;No notes
run_06d49b34;256;0;optimized;42,242;4,379;4;2025-11-13T17:22:06.2059552;1;No notes
run_ea47d555;256;0;optimized;16,315;-39,628;5;2025-11-13T17:22:08.2776312;1;No notes
run_e4df99c2;256;0;optimized;9,351;4,300;6;2025-11-13T17:22:10.3187289;0;No notes
run_4d82f54e;256;0;optimized;10,187;4,349;7;2025-11-13T17:22:12.3396052;0;No notes
run_ce693869;256;0;optimized;17,410;4,666;8;2025-11-13T17:22:14.3646405;0;No notes
run_2d3e1d98;256;0;optimized;10,023;4,321;9;2025-11-13T17:22:16.3940211;0;No notes
run_5db761c6;256;0;optimized;10,245;4,319;10;2025-11-13T17:22:18.413572;0;No notes
run_4e7d589a;256;0;optimized;10,706;4,050;11;2025-11-13T17:22:20.4394304;0;No notes
run_1dae00fb;256;0;optimized;10,277;4,321;12;2025-11-13T17:22:22.4645198;0;No notes
run_6822c61b;256;0;optimized;10,353;4,552;13;2025-11-13T17:22:24.4940593;0;No notes
run_9bef6b0a;256;0;optimized;10,248;4,349;14;2025-11-13T17:22:26.5201423;0;No notes
run_a644baa1;256;0;optimized;10,313;4,666;15;2025-11-13T17:22:28.5406526;0;No notes
run_337d20a8;256;50;optimized;3,762;4,379;1;2025-11-13T17:22:30.5632484;1;No notes
run_2f0bd274;256;50;optimized;3,735;4,408;2;2025-11-13T17:22:32.5769616;1;No notes
run_24cacc55;256;50;optimized;3,685;4,657;3;2025-11-13T17:22:34.5908595;1;No notes
run_deb0de2c;256;50;optimized;3,692;4,329;4;2025-11-13T17:22:36.6019091;1;No notes
run_e951eb53;256;50;optimized;3,653;4,544;5;2025-11-13T17:22:38.6149582;1;No notes
run_19e72ebb;256;50;optimized;3,664;4,524;6;2025-11-13T17:22:40.6300842;0;No notes
run_80ae53f2;256;50;optimized;3,767;4,381;7;2025-11-13T17:22:42.643788;0;No notes
run_c2980adb;256;50;optimized;3,723;4,448;8;2025-11-13T17:22:44.6513434;0;No notes
run_76223c90;256;50;optimized;3,713;3,637;9;2025-11-13T17:22:46.6604442;0;No notes
run_7524d21b;256;50;optimized;5,920;4,385;10;2025-11-13T17:22:48.6744374;0;No notes
run_216b1a81;256;50;optimized;3,592;4,345;11;2025-11-13T17:22:50.6847572;0;No notes
run_7fa03994;256;50;optimized;3,816;4,544;12;2025-11-13T17:22:52.6971217;0;No notes
run_177139ac;256;50;optimized;3,650;4,253;13;2025-11-13T17:22:54.7114089;0;No notes
run_b77ae834;256;50;optimized;5,067;4,500;14;2025-11-13T17:22:56.7231601;0;No notes
run_bb90f071;256;50;optimized;3,592;4,149;15;2025-11-13T17:22:58.7348725;0;No notes
run_673041c5;256;75;optimized;2,081;4,448;1;2025-11-13T17:23:00.7533682;1;No notes
run_88d0c552;256;75;optimized;2,079;4,500;2;2025-11-13T17:23:02.7684465;1;No notes
run_07d85ff7;256;75;optimized;2,083;4,521;3;2025-11-13T17:23:04.7806156;1;No notes
run_865e271b;256;75;optimized;2,070;4,500;4;2025-11-13T17:23:06.7918017;1;No notes
run_b0097feb;256;75;optimized;4,700;-295,956;5;2025-11-13T17:23:08.8022656;1;No notes
run_ff1c7241;256;75;optimized;1,722;4,000;6;2025-11-13T17:23:10.8102033;0;No notes
run_2b7b1f5a;256;75;optimized;2,601;4,389;7;2025-11-13T17:23:12.8206519;0;No notes
run_e37279f5;256;75;optimized;1,698;4,466;8;2025-11-13T17:23:14.8328678;0;No notes
run_67896209;256;75;optimized;1,488;4,500;9;2025-11-13T17:23:16.8484557;0;No notes
run_074fdf84;256;75;optimized;1,486;4,756;10;2025-11-13T17:23:18.8587434;0;No notes
run_cf8290e3;256;75;optimized;3,504;3,637;11;2025-11-13T17:23:20.8735643;0;No notes
run_46b19961;256;75;optimized;1,476;4,680;12;2025-11-13T17:23:22.8910265;0;No notes
run_aa2a577b;256;75;optimized;1,522;4,043;13;2025-11-13T17:23:24.9058888;0;No notes
run_310e947f;256;75;optimized;1,514;3,948;14;2025-11-13T17:23:26.9193222;0;No notes
run_cfbb97a6;256;75;optimized;1,490;4,500;15;2025-11-13T17:23:28.9344161;0;No notes
run_dfe78e4a;256;90;optimized;9,415;4,043;1;2025-11-13T17:23:30.9513006;1;No notes
run_a23d246f;256;90;optimized;1,327;4,000;2;2025-11-13T17:23:32.9769282;1;No notes
run_134cdae8;256;90;optimized;1,662;3,438;3;2025-11-13T17:23:34.992765;1;No notes
run_72c14a93;256;90;optimized;1,195;3,662;4;2025-11-13T17:23:37.0063352;1;No notes
run_08d006dd;256;90;optimized;1,142;4,000;5;2025-11-13T17:23:39.0222612;1;No notes
run_54e861c3;256;90;optimized;1,020;3,438;6;2025-11-13T17:23:41.0367196;0;No notes
run_5e8ddb0e;256;90;optimized;0,958;4,310;7;2025-11-13T17:23:43.05031;0;No notes
run_f5ebe92e;256;90;optimized;0,981;3,271;8;2025-11-13T17:23:45.0601732;0;No notes
run_a0682b4e;256;90;optimized;1,296;3,438;9;2025-11-13T17:23:47.0746427;0;No notes
run_4f26f69e;256;90;optimized;0,980;4,000;10;2025-11-13T17:23:49.0869704;0;No notes
run_b5b93e8a;256;90;optimized;0,996;4,021;11;2025-11-13T17:23:51.1004679;0;No notes
run_dcc47a8a;256;90;optimized;0,912;3,410;12;2025-11-13T17:23:53.1109251;0;No notes
run_17e4e6d3;256;90;optimized;0,995;4,046;13;2025-11-13T17:23:55.1247348;0;No notes
run_2a3e6ed6;256;90;optimized;0,932;3,543;14;2025-11-13T17:23:57.1420076;0;No notes
run_3a90af5d;256;90;optimized;0,969;3,682;15;2025-11-13T17:23:59.148356;0;No notes
run_076bef9d;256;95;optimized;0,507;2,000;1;2025-11-13T17:24:01.1594319;1;No notes
run_87f44ed1;256;95;optimized;0,571;2,000;2;2025-11-13T17:24:03.171917;1;No notes
run_9e63a8ee;256;95;optimized;0,534;1,308;3;2025-11-13T17:24:05.1831233;1;No notes
run_6138e796;256;95;optimized;0,507;1,202;4;2025-11-13T17:24:07.1959282;1;No notes
run_57d4a313;256;95;optimized;0,526;1,548;5;2025-11-13T17:24:09.209405;1;No notes
run_e4d9b947;256;95;optimized;0,516;2,000;6;2025-11-13T17:24:11.2193625;0;No notes
run_b84cfada;256;95;optimized;0,545;2,119;7;2025-11-13T17:24:13.2279674;0;No notes
run_0bae9cc9;256;95;optimized;0,508;2,000;8;2025-11-13T17:24:15.2379083;0;No notes
run_58ac45a5;256;95;optimized;0,657;0,954;9;2025-11-13T17:24:17.2504798;0;No notes
run_0082adc1;256;95;optimized;0,525;1,957;10;2025-11-13T17:24:19.2610692;0;No notes
run_1d3a9cd5;256;95;optimized;0,581;2,000;11;2025-11-13T17:24:21.274857;0;No notes
run_3d1d0045;256;95;optimized;0,567;1,991;12;2025-11-13T17:24:23.286996;0;No notes
run_33edf7a8;256;95;optimized;0,524;2,000;13;2025-11-13T17:24:25.3033264;0;No notes
run_56f83c55;256;95;optimized;0,571;1,729;14;2025-11-13T17:24:27.3167283;0;No notes
run_e0f7e2db;256;95;optimized;0,928;1,206;15;2025-11-13T17:24:29.3294053;0;No notes
run_1afbc1dd;512;0;optimized;76,966;24,102;1;2025-11-13T17:24:31.354222;1;No notes
run_2fffe18a;512;0;optimized;78,580;25,100;2;2025-11-13T17:24:33.4486024;1;No notes
run_8ece46de;512;0;optimized;85,487;24,098;3;2025-11-13T17:24:35.5474364;1;No notes
run_7eb6e0fb;512;0;optimized;77,812;24,098;4;2025-11-13T17:24:37.6601028;1;No notes
run_da0530f7;512;0;optimized;134,149;25,100;5;2025-11-13T17:24:39.7590701;1;No notes
run_5da84c3d;512;0;optimized;77,691;24,102;6;2025-11-13T17:24:41.9233191;0;No notes
run_afbb29f3;512;0;optimized;94,031;25,100;7;2025-11-13T17:24:44.0131226;0;No notes
run_a102b935;512;0;optimized;76,264;24,098;8;2025-11-13T17:24:46.1244672;0;No notes
run_a74cb75d;512;0;optimized;76,368;24,098;9;2025-11-13T17:24:48.2462095;0;No notes
run_20e83f40;512;0;optimized;76,659;25,100;10;2025-11-13T17:24:50.3368307;0;No notes
run_459f5471;512;0;optimized;76,693;24,102;11;2025-11-13T17:24:52.4308664;0;No notes
run_2643715b;512;0;optimized;125,939;25,100;12;2025-11-13T17:24:54.5485675;0;No notes
run_6bed0b67;512;0;optimized;76,475;24,098;13;2025-11-13T17:24:56.6985536;0;No notes
run_54a8d1ad;512;0;optimized;75,383;24,098;14;2025-11-13T17:24:58.7887916;0;No notes
run_5465fc74;512;0;optimized;76,766;25,100;15;2025-11-13T17:25:00.8822615;0;No notes
run_fa52d67a;512;50;optimized;22,671;24,428;1;2025-11-13T17:25:02.9757993;1;No notes
run_333ec88e;512;50;optimized;39,264;24,881;2;2025-11-13T17:25:05.0481425;1;No notes
run_d88977b1;512;50;optimized;22,076;25,101;3;2025-11-13T17:25:07.1106769;1;No notes
run_b5faf845;512;50;optimized;21,821;25,430;4;2025-11-13T17:25:09.1487889;1;No notes
run_54d8202c;512;50;optimized;42,260;24,432;5;2025-11-13T17:25:11.2104353;1;No notes
run_3937795b;512;50;optimized;21,754;24,881;6;2025-11-13T17:25:13.2734613;0;No notes
run_2c261358;512;50;optimized;21,786;25,101;7;2025-11-13T17:25:15.3142972;0;No notes
run_6c9d92bb;512;50;optimized;23,480;24,428;8;2025-11-13T17:25:17.3454984;0;No notes
run_a8f971d0;512;50;optimized;47,046;-157,604;9;2025-11-13T17:25:19.3899179;0;No notes
run_79312000;512;50;optimized;22,522;25,101;10;2025-11-13T17:25:21.4475359;0;No notes
run_338a6bde;512;50;optimized;22,069;25,430;11;2025-11-13T17:25:23.4805652;0;No notes
run_2930d1b3;512;50;optimized;22,179;24,432;12;2025-11-13T17:25:25.5118196;0;No notes
run_e95ba89b;512;50;optimized;56,031;-107,174;13;2025-11-13T17:25:27.5439007;0;No notes
run_4ba2abe8;512;50;optimized;47,170;-9,060;14;2025-11-13T17:25:29.6219422;0;No notes
run_d9fa9b0f;512;50;optimized;21,557;24,432;15;2025-11-13T17:25:31.6760507;0;No notes
run_44226eaf;512;75;optimized;8,846;24,457;1;2025-11-13T17:25:33.7077008;1;No notes
run_fce49110;512;75;optimized;27,709;-59,002;2;2025-11-13T17:25:35.7359485;1;No notes
run_d7a94122;512;75;optimized;16,149;25,002;3;2025-11-13T17:25:37.7850976;1;No notes
run_13b232f9;512;75;optimized;8,849;24,729;4;2025-11-13T17:25:39.8080987;1;No notes
run_e385f0ba;512;75;optimized;39,016;-133,576;5;2025-11-13T17:25:41.8220754;1;No notes
run_4a68b1cd;512;75;optimized;8,893;25,459;6;2025-11-13T17:25:43.8703797;0;No notes
run_8bb6a705;512;75;optimized;21,617;-21,647;7;2025-11-13T17:25:45.902949;0;No notes
run_ddac017f;512;75;optimized;8,811;25,005;8;2025-11-13T17:25:47.9299915;0;No notes
run_14a0d1ee;512;75;optimized;35,131;-34,754;9;2025-11-13T17:25:49.9467515;0;No notes
run_3773aa3f;512;75;optimized;9,063;24,998;10;2025-11-13T17:25:52.004821;0;No notes
run_f343e691;512;75;optimized;20,564;-22,044;11;2025-11-13T17:25:54.0217973;0;No notes
run_7dbf587f;512;75;optimized;11,888;24,438;12;2025-11-13T17:25:56.0467138;0;No notes
run_1599e75c;512;75;optimized;10,740;25,005;13;2025-11-13T17:25:58.0728263;0;No notes
run_92afa6be;512;75;optimized;9,825;24,709;14;2025-11-13T17:26:00.1060065;0;No notes
run_f2d37c8c;512;75;optimized;13,164;24,551;15;2025-11-13T17:26:02.1488433;0;No notes
run_e2468958;512;90;optimized;4,890;21,982;1;2025-11-13T17:26:04.1713882;1;No notes
run_ce20c9be;512;90;optimized;5,028;21,986;2;2025-11-13T17:26:06.1872071;1;No notes
run_9b059c66;512;90;optimized;5,279;21,762;3;2025-11-13T17:26:08.2274234;1;No notes
run_fe936c8d;512;90;optimized;23,499;-11,016;4;2025-11-13T17:26:10.2534173;1;No notes
run_518c5355;512;90;optimized;5,118;21,621;5;2025-11-13T17:26:12.2981354;1;No notes
run_e134a24f;512;90;optimized;5,219;21,594;6;2025-11-13T17:26:14.3214951;0;No notes
run_fcdcd03a;512;90;optimized;8,473;21,707;7;2025-11-13T17:26:16.3375887;0;No notes
run_3fa48231;512;90;optimized;14,498;-32,789;8;2025-11-13T17:26:18.3794739;0;No notes
run_08d99d81;512;90;optimized;16,199;3,800;9;2025-11-13T17:26:20.4046841;0;No notes
run_a56fbf96;512;90;optimized;5,165;21,490;10;2025-11-13T17:26:22.4317163;0;No notes
run_1a0c8f34;512;90;optimized;28,119;-51,722;11;2025-11-13T17:26:24.4426976;0;No notes
run_4e6fbc45;512;90;optimized;5,024;21,265;12;2025-11-13T17:26:26.4850205;0;No notes
run_ce22ea74;512;90;optimized;16,145;-4,595;13;2025-11-13T17:26:28.4975239;0;No notes
run_cc496943;512;90;optimized;6,814;21,458;14;2025-11-13T17:26:30.5211876;0;No notes
run_2c3cdf28;512;90;optimized;39,110;-68,070;15;2025-11-13T17:26:32.5345405;0;No notes
run_28d199fb;512;95;optimized;3,203;13,984;1;2025-11-13T17:26:34.5769821;1;No notes
run_cdb3429d;512;95;optimized;11,192;-16,782;2;2025-11-13T17:26:36.5911689;1;No notes
run_c6f1630a;512;95;optimized;3,239;13,966;3;2025-11-13T17:26:38.6141112;1;No notes
run_32fe1b19;512;95;optimized;3,334;13,771;4;2025-11-13T17:26:40.6282034;1;No notes
run_25c00a3b;512;95;optimized;11,205;-44,289;5;2025-11-13T17:26:42.6424009;1;No notes
run_644e1538;512;95;optimized;3,246;14,164;6;2025-11-13T17:26:44.6716742;0;No notes
run_a7844a49;512;95;optimized;3,276;14,164;7;2025-11-13T17:26:46.6822095;0;No notes
run_e24ded8b;512;95;optimized;6,643;-40,117;8;2025-11-13T17:26:48.6967891;0;No notes
run_01e56bec;512;95;optimized;3,210;14,086;9;2025-11-13T17:26:50.7097703;0;No notes
run_5c8ca513;512;95;optimized;14,168;-34,533;10;2025-11-13T17:26:52.7221357;0;No notes
run_bc06deb9;512;95;optimized;3,193;14,125;11;2025-11-13T17:26:54.7496884;0;No notes
run_0e82dfb6;512;95;optimized;3,192;13,834;12;2025-11-13T17:26:56.7619976;0;No notes
run_bdec27b9;512;95;optimized;8,317;-33,321;13;2025-11-13T17:26:58.7757709;0;No notes
run_22b774df;512;95;optimized;3,203;14,203;14;2025-11-13T17:27:00.7900119;0;No notes
run_c9bd731a;512;95;optimized;3,490;13,814;15;2025-11-13T17:27:02.8122665;0;No notes
